{"cameraMode":{"drawMode":0,"name":"Shaded","section":"Shading Mode"},"sceneLighting":true,"audioPlay":false,"sceneViewState":{"m_AlwaysRefresh":false,"showFog":true,"showSkybox":true,"showFlares":true,"showImageEffects":true,"showParticleSystems":true,"showVisualEffectGraphs":true,"m_FxEnabled":false},"in2DMode":false,"pivot":{"x":25.141969680786134,"y":10.635881423950196,"z":-21.93472671508789},"rotation":{"x":-0.031784676015377048,"y":0.03507412225008011,"z":-0.0011154967360198498,"w":-0.9988874793052673},"size":31.870662689208986,"orthographic":false}